"pid","date"
"wpi6173038474v3d659","2024-10-31_11h00.50.829"
"wpi617z40o880451621","2025-03-01_21h19.41.021"
"wpi6im1729883307292","2024-10-25_15h35.59.824"
"wpi61738b721104t176","2025-02-04_21h24.50.812"
"wpi6174k32099421p95","2025-03-28_21h16.44.555"
"wpi6174649405r19a06","2025-05-05_21h34.27.406"
"wpi61qv740192824504","2025-02-21_22h11.38.263"
"wpi617321k3341129z9","2024-11-20_15h25.17.465"
"wpi6o173817567g7689","2025-01-29_13h52.45.522"
"wpi61h740973f335708","2025-03-02_22h55.16.660"
"wpi61731u428574p274","2024-11-12_11h44.53.378"
"wpi61i7304e00496415","2024-10-31_15h06.37.126"
"wpi6174h603234f8724","2025-04-30_13h14.45.225"
"wpi61746j501724o822","2025-05-05_23h39.29.204"
"wpi6173g35w09397341","2024-12-06_13h40.15.764"
"wpi6173o073186z1469","2024-11-04_10h13.24.456"
"wpi6174u1114139w854","2025-03-04_14h16.24.307"
"wpi6174p24145429l05","2025-03-19_16h16.37.777"
"wpi61741q21v7504699","2025-03-05_18h49.13.367"
"wpi61f730130297q771","2024-10-28_12h03.30.592"
"wpi6174d07067656g47","2025-02-27_20h59.23.399"
"wpi6174l640257f2344","2025-05-04_20h05.36.841"
"wpi617337j6800257n0","2024-12-09_13h33.38.896"
"wpi617m3326052i0740","2024-12-03_16h32.13.750"
"wpi6q1r733262180904","2024-12-03_17h04.19.954"
"wpi617z4x5977989754","2025-04-29_22h10.15.237"
"wpi6w17461b34984811","2025-05-01_17h47.34.005"
"wpi61737e74876m2689","2025-01-24_17h02.33.214"
"wpi61746552e98473o3","2025-05-06_13h54.11.807"
"wpi61w7f46406191343","2025-05-04_21h06.35.004"
"wpi6173l993m3129573","2025-02-18_21h58.15.615"
"wpi61l736995524u302","2025-01-15_22h10.29.237"
"wpi61738hs860820486","2025-02-06_12h14.16.004"
"wpi6173152o923x6087","2024-11-13_15h47.21.515"
"wpi6173084465wg9125","2024-11-05_17h33.37.523"
"wpi6173378039p08q93","2024-12-09_17h02.39.649"
"wpi6174b6550g984996","2025-05-06_13h21.59.053"
"wpi6172964je1750738","2024-10-22_20h17.08.555"
"wpi6p17b29773735995","2024-10-24_09h06.58.456"
"wpi6174466v6711i514","2025-04-14_17h58.41.517"
"wpi617460iz56592744","2025-04-30_20h01.33.191"
"wpi617305q196215x98","2024-11-02_00h08.26.474"
"wpi61741l12551188a2","2025-03-04_17h16.24.626"
"wpi6173p89053d86846","2025-02-07_00h33.03.405"
"wpi61743463d53c8386","2025-03-31_19h39.16.570"
"wpi6j1740370837d880","2025-02-23_23h51.29.976"
"wpi617t29952p498059","2024-10-26_10h43.43.925"
"wpi61o72998d8194381","2024-10-26_20h39.31.088"
"wpi617299937o1947y5","2024-10-26_22h10.05.672"
"wpi6174k655x7734948","2025-05-06_15h14.25.703"
"wpi617411a0613131e6","2025-03-04_11h51.47.848"
"wpi6l174m1221155790","2025-03-05_19h54.16.667"
"wpi6174587y97937z96","2025-04-28_18h53.13.192"
"wpi6kp1739744908873","2025-02-16_17h45.47.699"
"wpi6e1733y347534582","2024-12-04_16h46.41.494"
"wpi6a174r6234632268","2025-05-02_21h27.04.720"
"wpi61f74252o4451050","2025-03-20_22h51.11.760"
"wpi61wq733864020191","2024-12-10_16h12.06.731"
"wpi617y46298255z571","2025-05-03_15h07.54.844"
"wpi6173730609q4x876","2025-01-19_12h20.14.618"
"wpi6r17446q67212312","2025-04-14_18h06.05.224"
"wpi617338430c619k41","2024-12-10_10h23.20.895"
"wpi6y173o3868476910","2024-12-10_18h06.33.679"
"wpi61732e040001i696","2024-11-19_13h30.07.684"
"wpi61d732z553804786","2024-11-25_12h14.30.148"
"wpi61733866534x70k0","2024-12-10_16h55.15.566"
"wpi6173102fk4950044","2024-11-07_19h33.11.265"
"wpi61746k5740121o33","2025-05-06_19h42.38.864"
"wpi6174sw5558164473","2025-04-25_01h34.03.983"
"wpi61742zp413500004","2025-03-19_16h01.37.143"
"wpi617422439lm02566","2025-03-17_16h52.40.307"
"wpi6174086804h9n285","2025-03-01_17h43.39.629"
"wpi617pd30418782931","2024-10-31_20h09.17.922"
"wpi6172995d42826h37","2024-10-26_11h09.35.640"
"wpi617371297c74k795","2025-01-17_11h25.30.474"
"wpi6174w0i668552492","2025-02-27_10h18.08.283"
"wpi6173377gk2367722","2024-12-09_14h53.01.534"
"wpi61q7443c20405493","2025-04-10_17h41.52.291"
"wpi6174231530i78e83","2025-03-18_12h45.50.554"
"wpi6i17g45773868541","2025-04-27_13h24.23.896"
"wpi61746372932l8p20","2025-05-04_12h02.50.064"
"wpi617z337n71914500","2024-12-09_14h39.35.670"
"wpi617s4648133m0525","2025-05-05_17h59.40.033"
"wpi61o74642159c6210","2025-05-05_01h21.53.905"
"wpi617338709n4643h7","2024-12-10_18h08.43.233"
"wpi6173343z22520d13","2024-12-05_16h14.14.583"
"wpi617302246zq87473","2024-10-29_14h16.44.531"
"wpi6p17372196220r04","2025-01-18_12h19.18.121"
"wpi6v17454312111y06","2025-04-23_14h23.39.629"
"wpi61741113l62g4959","2025-03-04_14h06.24.686"
"wpi61r7320512a66565","2024-11-19_16h41.18.187"
"wpi6174648243is1845","2025-05-05_18h16.16.943"
"wpi61m7412r29608936","2025-03-05_22h10.43.448"
"wpi61v733i955008467","2024-12-11_17h25.30.065"
"wpi617f339q34159746","2024-12-11_11h42.08.432"
"wpi617465z46406r196","2025-05-06_12h13.25.099"
"wpi617444x7x9307749","2025-04-12_13h53.32.428"
"wpi61v7c41059919525","2025-03-03_23h00.10.307"
"wpi6p173e3404848397","2024-12-05_08h36.23.926"
"wpi61c73t3962767618","2024-12-11_21h03.08.659"
"wpi617z42g312914732","2025-03-18_12h06.47.065"
"wpi6172964653ia1639","2024-10-22_21h41.59.271"
"wpi61731yu427650316","2024-11-12_11h23.42.966"
"wpi6174rx6388216152","2025-05-04_16h09.42.945"
"wpi6g174242653912y4","2025-03-19_19h39.19.853"
"wpi6c1741232235t549","2025-03-05_22h52.13.672"
"wpi617aa46449773482","2025-05-05_09h13.15.823"
"wpi61y733962t796929","2024-12-11_19h36.41.291"
"wpi617396q4267631u4","2025-02-15_13h20.56.704"
"wpi6q1741050307u581","2025-03-03_20h27.16.797"
"wpi6v1o731016901691","2024-11-07_17h21.49.850"
"wpi61732n2e95074607","2024-11-22_12h25.39.044"
"wpi6j17320561193z94","2024-11-20_14h16.39.657"
"wpi61741038939h14e0","2025-03-03_17h11.01.208"
"wpi6l1733792v298275","2024-12-09_20h27.12.541"
"wpi61746o30516n7434","2025-05-03_17h02.12.802"
"wpi61733687k3402p19","2024-12-08_15h06.20.630"
"wpi6174k6489827s320","2025-05-05_21h15.53.027"
"wpi6p174y6391119900","2025-05-04_16h53.46.223"
"wpi61i73396523t4991","2024-12-11_20h18.52.515"
"wpi617v297313h20163","2024-10-23_21h13.12.143"
"wpi61s74m5783106125","2025-04-27_16h02.22.471"
"wpi61731p98h6309774","2024-11-18_22h35.11.496"
"wpi6d173397n9368828","2024-12-12_00h13.48.579"
"wpi61x742405b300238","2025-03-19_13h46.01.221"
"wpi6174629zj8408259","2025-05-03_15h12.09.887"
"wpi61e74071347v6471","2025-02-27_22h46.55.869"
"wpi6173v344849k3973","2024-12-05_20h46.54.514"
"wpi617321252q35c400","2024-11-20_13h09.39.978"
"wpi617338x618132w85","2024-12-10_15h36.22.916"
"wpi61732f06186998p5","2024-11-19_19h34.20.379"
"wpi617u4e6477394553","2025-05-05_16h52.17.400"
"wpi6mj1739394319224","2025-02-12_16h24.56.563"
"wpi61743350pn510653","2025-03-30_12h20.53.850"
"wpi61746ku565217909","2025-05-06_17h17.11.826"
"wpi6174k6489827s320","2025-05-05_20h22.23.669"
"wpi61746ua479590394","2025-05-05_17h27.54.405"
"wpi6n174639a7009255","2025-05-04_18h32.49.222"
"wpi617q46y062910766","2025-04-30_21h47.48.897"
"wpi617w4543e2142467","2025-04-23_14h37.48.674"
"wpi6174493xg0886649","2025-04-17_19h27.28.097"
"wpi617427e760n70078","2025-03-23_21h06.07.275"
"wpi61741191f85p4268","2025-03-05_11h43.37.664"
"wpi6174042qp8665997","2025-02-24_15h44.30.727"
"wpi617h37i859872534","2025-01-25_22h21.09.083"
"wpi617h37i859872534","2025-01-25_22h06.59.492"
"wpi6t173k3427113063","2024-12-05_14h47.47.431"
"wpi617n3308449928h0","2024-12-01_15h36.55.290"
"wpi617gc32670874638","2024-11-26_20h45.09.820"
"wpi617h3110578387b4","2024-11-08_18h02.42.691"
"wpi6174q648202320p8","2025-05-05_18h11.54.035"
"wpi61733770t03c8588","2024-12-09_14h05.34.515"
"wpi61746562sj805611","2025-05-06_16h41.56.053"
"wpi6173838737tl8734","2025-02-01_00h39.14.234"
"wpi61w7462g13741808","2025-05-02_15h40.07.415"
"wpi61w7462g13741808","2025-05-02_15h56.10.347"
"wpi617338t8102032o8","2024-12-10_20h53.11.135"
"wpi617411788rg24870","2025-03-05_08h05.58.960"
"wpi61746480st390846","2025-05-05_17h45.17.906"
"wpi61r737154721n469","2025-01-17_18h15.20.896"
"wpi61740524s9759r04","2025-02-25_18h46.21.061"
"wpi61m73704443z1595","2025-01-16_11h39.38.928"
"wpi617464p7929282a2","2025-05-05_17h22.49.002"
"wpi61s7297926890r26","2024-10-24_17h33.40.940"
"wpi6173388493v28x43","2024-12-11_02h21.32.757"
"wpi6174u6a585618818","2025-05-06_23h30.11.642"
"wpi617331100hb17783","2024-12-01_22h42.47.673"
"wpi6t17m46413387483","2025-05-04_23h07.38.074"
"wpi617y46d141458189","2025-05-01_19h34.25.003"
"wpi617m4630v4861669","2025-05-03_16h57.18.033"
"wpi6174k4125s614559","2025-04-08_11h36.36.665"
"wpi61732n11706z1483","2024-11-20_11h18.11.132"
"wpi617460472ui18093","2025-04-30_17h41.51.680"
"wpi617460472ui18093","2025-04-30_17h23.27.347"
"wpi6o1d733879690572","2024-12-10_20h33.22.136"
"wpi6j1745784410d658","2025-04-27_16h27.09.541"
"wpi617d4c3710767579","2025-04-03_16h22.55.129"
"wpi6174u352s5874757","2025-04-01_13h03.02.331"
"wpi61746f54025l1442","2025-05-06_10h20.51.199"
"wpi6r1745874r291842","2025-04-28_17h23.15.711"
"wpi61f7406g77677691","2025-02-27_12h52.34.780"
"wpi6j174x6042488777","2025-04-30_16h04.50.676"
"wpi61c731899243p416","2024-11-17_22h29.21.651"
"wpi6173376y1l465318","2024-12-09_11h37.07.148"
"wpi617412160o5u7416","2025-03-05_18h23.01.878"
"wpi61740g669f912366","2025-02-27_10h37.52.759"
"wpi61v729990s628152","2024-10-26_21h13.06.749"
"wpi617y4318c3570291","2025-03-28_13h54.17.326"
"wpi617g334u18281498","2024-12-05_12h25.47.825"
"wpi6l17455810913y40","2025-04-25_07h55.51.094"
"wpi617f3888076p6356","2025-02-06_17h46.50.277"
"wpi61l7339482913t05","2024-12-11_15h30.42.479"
"wpi617u398172e74462","2025-03-03_16h25.12.836"
"wpi61c730p668698806","2024-11-03_16h36.12.916"
"wpi6173y3b374550702","2024-12-05_00h12.11.167"
"wpi61733110vd258966","2024-12-01_22h53.04.435"
"wpi6174o64579885r14","2025-05-05_11h32.21.483"
"wpi617410292957qb07","2025-03-03_14h33.47.753"
"wpi6174u597718963b7","2025-04-29_22h09.26.986"
"wpi617406022rb74018","2025-02-26_15h58.25.516"
"wpi6172z971436g3640","2024-10-23_16h28.16.242"
"wpi61i7z33955583506","2024-12-11_17h34.24.533"