"pid","age","handedness","bid","STROOP.rcs.overall","TASKSWITCH.rcs.overall","BRT.rt_mean.correct","BRT.rt_mean.correct.dominant","BRT.rt_mean.correct.nondominant","BACKWARDSSPATIALSPAN.object_count_span.overall","date"
"wpi6174231530i78e83",20,"RIGHT","wpi6174231530i78e83.session0",1.42498218772265,1.6569592287608,260.04,251.416666666667,268,6,"2025-03-18_12h45.50.554"
"wpi617z42g312914732",19,"RIGHT","wpi617z42g312914732.session0",1.79038699903595,1.55833504203404,264.344827586207,255.857142857143,272.266666666667,6,"2025-03-18_12h06.47.065"
"wpi6173730609q4x876",22,"RIGHT","wpi6173730609q4x876.session0",1.41643059490085,1.45573249812519,323.333333333333,302.333333333333,344.333333333333,7,"2025-01-19_12h20.14.618"
"wpi6o1d733879690572",19,"RIGHT","wpi6o1d733879690572.session0",2.09051949409428,1.88939386202318,342.233333333333,325.6,358.866666666667,7,"2024-12-10_20h33.22.136"
"wpi617338430c619k41",19,"RIGHT","wpi617338430c619k41.session0",1.22953699149863,1.60919540229885,284.433333333333,267.8,301.066666666667,6,"2024-12-10_10h23.20.895"
"wpi6173y3b374550702",20,"RIGHT","wpi6173y3b374550702.session0",2.1305225386858,2.63664220052733,230.411764705882,223,237,8,"2024-12-05_00h12.11.167"
"wpi617305q196215x98",18,"RIGHT","wpi617305q196215x98.session0",1.42745912276148,1.70299727520436,360.142857142857,335.642857142857,384.642857142857,7,"2024-11-02_00h08.26.474"
"wpi61732e040001i696",18,"LEFT","wpi61732e040001i696.session0",1.99690479756378,1.95301904193566,307.366666666667,269,345.733333333333,7,"2024-11-19_13h30.07.684"
"wpi61733866534x70k0",21,"RIGHT","wpi61733866534x70k0.session0",2.13515533255044,1.71973270440252,273.166666666667,281.909090909091,259.428571428571,7,"2024-12-10_16h55.15.566"
"wpi617338t8102032o8",20,"RIGHT","wpi617338t8102032o8.session0",2.11359202254498,2.18732473359506,247.8,255.533333333333,240.066666666667,8,"2024-12-10_20h53.11.135"
"wpi6p173e3404848397",20,"RIGHT","wpi6p173e3404848397.session0",1.80952380952381,1.93205602962486,234.481481481481,226.846153846154,241.571428571429,5,"2024-12-05_08h36.23.926"
"wpi6173152o923x6087",21,"RIGHT","wpi6173152o923x6087.session0",1.73880351520278,1.76758749558103,289.137931034483,285.785714285714,292.266666666667,8,"2024-11-13_15h47.21.515"
"wpi61731yu427650316",19,"RIGHT","wpi61731yu427650316.session0",1.33707714935152,1.18703881937761,363.333333333333,396.666666666667,330,7,"2024-11-12_11h23.42.966"
"wpi61731u428574p274",20,"RIGHT","wpi61731u428574p274.session0",1.26773110395395,1.46782257694601,268.448275862069,257.214285714286,278.933333333333,6,"2024-11-12_11h44.53.378"
"wpi61r7320512a66565",17,"RIGHT","wpi61r7320512a66565.session0",1.60361842105263,0.973910990437965,322.833333333333,340.133333333333,305.533333333333,7,"2024-11-19_16h41.18.187"
"wpi6j17320561193z94",21,"RIGHT","wpi6j17320561193z94.session0",1.46423878355547,2.68247917549061,238.833333333333,227.733333333333,249.933333333333,8,"2024-11-20_14h16.39.657"
"wpi617g334u18281498",19,"RIGHT","wpi617g334u18281498.session0",1.63440860215054,1.72070277123709,265.5,276.6,254.4,7,"2024-12-05_12h25.47.825"
"wpi61732f06186998p5",19,"RIGHT","wpi61732f06186998p5.session0",2.23099365024884,2.54111667960754,256.931034482759,246.6,268,7,"2024-11-19_19h34.20.379"
"wpi61c730p668698806",18,"LEFT","wpi61c730p668698806.session0",1.83440753594447,2.53029697696098,260.566666666667,243.333333333333,277.8,7,"2024-11-03_16h36.12.916"
"wpi617gc32670874638",20,"RIGHT","wpi617gc32670874638.session0",1.77746178457163,2.3257166114309,261.133333333333,264.533333333333,257.733333333333,6,"2024-11-26_20h45.09.820"
"wpi617m3326052i0740",19,"LEFT","wpi617m3326052i0740.session0",1.47070206672343,1.09925179958158,368.379310344828,334.5,400,6,"2024-12-03_16h32.13.750"
"wpi6173g35w09397341",18,"RIGHT","wpi6173g35w09397341.session0",1.40115489130435,1.65966495513718,291.7,281.2,302.2,7,"2024-12-06_13h40.15.764"
"wpi6t173k3427113063",20,"RIGHT","wpi6t173k3427113063.session0",1.61445152282049,1.52293098947002,378.827586206897,360.2,398.785714285714,7,"2024-12-05_14h47.47.431"
"wpi6q1r733262180904",18,"RIGHT","wpi6q1r733262180904.session0",2.14505188706592,2.47456695078361,303.3,265.6,341,9,"2024-12-03_17h04.19.954"
"wpi6173377gk2367722",19,"RIGHT","wpi6173377gk2367722.session0",1.40918193280427,1.19482964625801,281.733333333333,281.266666666667,282.2,7,"2024-12-09_14h53.01.534"
"wpi61732n11706z1483",19,"RIGHT","wpi61732n11706z1483.session0",1.69242417494321,1.72622935523001,284.933333333333,281.066666666667,288.8,7,"2024-11-20_11h18.11.132"
"wpi61c73t3962767618",18,"RIGHT","wpi61c73t3962767618.session0",1.11107862343206,0.854249893218763,374.966666666667,376.6,373.333333333333,6,"2024-12-11_21h03.08.659"
"wpi617338x618132w85",18,"RIGHT","wpi617338x618132w85.session0",1.9163677460567,1.43388448268136,274.620689655172,268.866666666667,280.785714285714,6,"2024-12-10_15h36.22.916"
"wpi617321252q35c400",20,"RIGHT","wpi617321252q35c400.session0",2.08974923009239,2.23131275567125,275.642857142857,259.066666666667,294.769230769231,7,"2024-11-20_13h09.39.978"
"wpi617321k3341129z9",21,"LEFT","wpi617321k3341129z9.session0",2.39203516938195,2.65604249667995,212.45,219.9,205,7,"2024-11-20_15h25.17.465"
"wpi61wq733864020191",18,"LEFT","wpi61wq733864020191.session0",1.68117941201828,1.64291106078771,309.466666666667,299.866666666667,319.066666666667,8,"2024-12-10_16h12.06.731"
"wpi6173o073186z1469",18,"RIGHT","wpi6173o073186z1469.session0",1.37884773049117,1.81913925989755,402.275862068966,395.142857142857,408.933333333333,6,"2024-11-04_10h13.24.456"
"wpi6173343z22520d13",20,"RIGHT","wpi6173343z22520d13.session0",1.52242651364328,1.56711739948061,324.4,302.2,346.6,7,"2024-12-05_16h14.14.583"
"wpi61l7339482913t05",19,"RIGHT","wpi61l7339482913t05.session0",2.03186824938509,1.93167393344004,288.620689655172,289,288.214285714286,NA,"2024-12-11_15h30.42.479"
"wpi6o173817567g7689",19,"RIGHT","wpi6o173817567g7689.session0",1.42164546349287,0.929033804842963,379.5,395.6,363.4,6,"2025-01-29_13h52.45.522"
"wpi6172964653ia1639",18,"RIGHT","wpi6172964653ia1639.session0",1.57421599900576,1.53317034765674,307.9,305.733333333333,310.066666666667,8,"2024-10-22_21h41.59.271"
"wpi6172964je1750738",20,"RIGHT","wpi6172964je1750738.session0",2.04582651391162,2.04986149584488,261.892857142857,276.214285714286,247.571428571429,7,"2024-10-22_20h17.08.555"
"wpi6172z971436g3640",18,"LEFT","wpi6172z971436g3640.session0",1.60685591858597,1.64378263391994,315.666666666667,301.266666666667,330.066666666667,NA,"2024-10-23_16h28.16.242"
"wpi617v297313h20163",18,"RIGHT","wpi617v297313h20163.session0",1.56726164562473,1.86402433042284,286.766666666667,276.866666666667,296.666666666667,6,"2024-10-23_21h13.12.143"
"wpi61733687k3402p19",18,"RIGHT","wpi61733687k3402p19.session0",1.53721682847896,1.2947602670443,303.733333333333,317.533333333333,289.933333333333,8,"2024-12-08_15h06.20.630"
"wpi6173378039p08q93",18,"LEFT","wpi6173378039p08q93.session0",1.93541815218499,2.07833733013589,257.37037037037,242.833333333333,269,8,"2024-12-09_17h02.39.649"
"wpi617f339q34159746",20,"RIGHT","wpi617f339q34159746.session0",1.66896148871365,1.36284946038528,316.633333333333,335.533333333333,297.733333333333,7,"2024-12-11_11h42.08.432"
"wpi61732n2e95074607",19,"RIGHT","wpi61732n2e95074607.session0",1.92912986089958,2.13255513777429,262.8,253.466666666667,272.133333333333,8,"2024-11-22_12h25.39.044"
"wpi61c731899243p416",19,"RIGHT","wpi61c731899243p416.session0",1.81684262214584,1.38722977919926,272.266666666667,255.533333333333,289,5,"2024-11-17_22h29.21.651"
"wpi6p17b29773735995",18,"RIGHT","wpi6p17b29773735995.session0",1.84249066943828,1.29012673597936,298.833333333333,304.4,293.266666666667,8,"2024-10-24_09h06.58.456"
"wpi6173084465wg9125",19,"RIGHT","wpi6173084465wg9125.session0",1.50727856887866,1.47195537651069,333.413793103448,300,364.6,8,"2024-11-05_17h33.37.523"
"wpi61s7297926890r26",22,"RIGHT","wpi61s7297926890r26.session0",1.80078205392056,2.0746887966805,284.5,286.6,282.4,7,"2024-10-24_17h33.40.940"
"wpi6173388493v28x43",20,"RIGHT","wpi6173388493v28x43.session0",2.13287831929188,1.43861235562497,264.965517241379,264.285714285714,265.6,7,"2024-12-11_02h21.32.757"
"wpi617t29952p498059",19,"RIGHT","wpi617t29952p498059.session0",1.81988352745424,2.21146374992529,329.533333333333,306.933333333333,352.133333333333,8,"2024-10-26_10h43.43.925"
"wpi61y733962t796929",19,"RIGHT","wpi61y733962t796929.session0",1.89292821433772,2.55264837268666,355.58064516129,338,372.0625,8,"2024-12-11_19h36.41.291"
"wpi6173376y1l465318",20,"RIGHT","wpi6173376y1l465318.session0",1.76878770012245,1.18203309692671,346.166666666667,345.533333333333,346.8,NA,"2024-12-09_11h37.07.148"
"wpi6im1729883307292",18,"RIGHT","wpi6im1729883307292.session0",1.34584470447493,1.10199118407053,261.448275862069,265.428571428571,257.733333333333,6,"2024-10-25_15h35.59.824"
"wpi6172995d42826h37",20,"RIGHT","wpi6172995d42826h37.session0",1.84566269267222,2.31749710312862,273.266666666667,271.066666666667,275.466666666667,7,"2024-10-26_11h09.35.640"
"wpi61v729990s628152",20,"RIGHT","wpi61v729990s628152.session0",1.71421036437959,1.63117753383591,280.466666666667,284.266666666667,276.666666666667,9,"2024-10-26_21h13.06.749"
"wpi61o72998d8194381",18,"RIGHT","wpi61o72998d8194381.session0",1.64049683618467,2.08385956049507,274.285714285714,253.2,298.615384615385,7,"2024-10-26_20h39.31.088"
"wpi617299937o1947y5",20,"LEFT","wpi617299937o1947y5.session0",1.39026085683972,1.86741363211951,324.4,314.4,334.4,NA,"2024-10-26_22h10.05.672"
"wpi61f730130297q771",21,"RIGHT","wpi61f730130297q771.session0",1.57894736842105,1.58011615989067,307.833333333333,297.866666666667,317.8,8,"2024-10-28_12h03.30.592"
"wpi6d173397n9368828",18,"RIGHT","wpi6d173397n9368828.session0",1.40712945590994,1.38472190168474,354.933333333333,317.8,392.066666666667,NA,"2024-12-12_00h13.48.579"
"wpi617302246zq87473",18,"RIGHT","wpi617302246zq87473.session0",1.43884892086331,1.5542577241899,291.666666666667,298.933333333333,284.4,7,"2024-10-29_14h16.44.531"
"wpi61731p98h6309774",21,"RIGHT","wpi61731p98h6309774.session0",1.77561796177749,2.10617270616191,273.178571428571,267.666666666667,279.538461538462,7,"2024-11-18_22h35.11.496"
"wpi617n3308449928h0",18,"RIGHT","wpi617n3308449928h0.session0",1.36200716845878,1.31386861313869,336.633333333333,329.866666666667,343.4,6,"2024-12-01_15h36.55.290"
"wpi617331100hb17783",19,"RIGHT","wpi617331100hb17783.session0",2.17752564322961,1.50105073551486,267.758620689655,252.357142857143,282.133333333333,7,"2024-12-01_22h42.47.673"
"wpi61d732z553804786",18,"LEFT","wpi61d732z553804786.session0",2.12302363260517,2.15256289519709,252.37037037037,247.384615384615,257,7,"2024-11-25_12h14.30.148"
"wpi61733110vd258966",19,"RIGHT","wpi61733110vd258966.session0",2.24143451809158,2.51798561151079,241.714285714286,237.076923076923,245.733333333333,8,"2024-12-01_22h53.04.435"
"wpi6173v344849k3973",19,"RIGHT","wpi6173v344849k3973.session0",1.72743825575424,1.45193662723662,300.633333333333,286.8,314.466666666667,7,"2024-12-05_20h46.54.514"
"wpi617338709n4643h7",21,"RIGHT","wpi617338709n4643h7.session0",1.13143503677164,1.41110065851364,382.206896551724,381.214285714286,383.133333333333,7,"2024-12-10_18h08.43.233"
"wpi6y173o3868476910",19,"RIGHT","wpi6y173o3868476910.session0",1.71986443421519,2.24674552302914,279.448275862069,258.5,299,7,"2024-12-10_18h06.33.679"
"wpi6v1o731016901691",21,"RIGHT","wpi6v1o731016901691.session0",1.76756517896597,1.90456036398265,271.931034482759,267.733333333333,276.428571428571,6,"2024-11-07_17h21.49.850"
"wpi6173102fk4950044",19,"RIGHT","wpi6173102fk4950044.session0",1.95051842726619,1.87830557065889,290.033333333333,267.933333333333,312.133333333333,7,"2024-11-07_19h33.11.265"
"wpi6l1733792v298275",20,"RIGHT","wpi6l1733792v298275.session0",1.85564067183708,2.11198960251273,326.1,321.066666666667,331.133333333333,7,"2024-12-09_20h27.12.541"
"wpi6173038474v3d659",20,"RIGHT","wpi6173038474v3d659.session0",1.45324696894204,1.68602472836268,312.233333333333,303.466666666667,321,8,"2024-10-31_11h00.50.829"
"wpi617337j6800257n0",18,"RIGHT","wpi617337j6800257n0.session0",2.1011714030572,1.81347150259067,227.321428571429,233.2,220.538461538462,7,"2024-12-09_13h33.38.896"
"wpi61733770t03c8588",19,"LEFT","wpi61733770t03c8588.session0",2.00888137026856,2.15217116090644,245.6,231.133333333333,260.066666666667,9,"2024-12-09_14h05.34.515"
"wpi61i73396523t4991",22,"RIGHT","wpi61i73396523t4991.session0",1.91541912394778,1.85673800449526,276.733333333333,267.933333333333,285.533333333333,7,"2024-12-11_20h18.52.515"
"wpi6e1733y347534582",21,"RIGHT","wpi6e1733y347534582.session0",1.95260963639242,2.27115008516813,253.884615384615,241.066666666667,271.363636363636,8,"2024-12-04_16h46.41.494"
"wpi61i7304e00496415",21,"RIGHT","wpi61i7304e00496415.session0",1.27519393574439,0.807980359862022,411.551724137931,434.642857142857,390,NA,"2024-10-31_15h06.37.126"
"wpi617z337n71914500",18,"RIGHT","wpi617z337n71914500.session0",1.80628783440734,1.48051382538646,311.666666666667,301.266666666667,322.066666666667,7,"2024-12-09_14h39.35.670"
"wpi617pd30418782931",19,"RIGHT","wpi617pd30418782931.session0",2.15445807093139,2.27327111749222,286.896551724138,273.928571428571,299,7,"2024-10-31_20h09.17.922"
"wpi617h3110578387b4",18,"LEFT","wpi617h3110578387b4.session0",2.00923160467011,1.80094786729858,287.379310344828,266.769230769231,304.125,7,"2024-11-08_18h02.42.691"
"wpi61i7z33955583506",20,"RIGHT","wpi61i7z33955583506.session0",1.74388462082293,1.12394388031936,318.3,323.266666666667,313.333333333333,6,"2024-12-11_17h34.24.533"
"wpi6173838737tl8734",18,"RIGHT","wpi6173838737tl8734.session0",1.72637030643073,2.41276911655531,280.6,289.933333333333,271.266666666667,9,"2025-02-01_00h39.14.234"
"wpi61738b721104t176",20,"RIGHT","wpi61738b721104t176.session0",1.87960865583884,2.50836120401338,273.586206896552,254.466666666667,294.071428571429,7,"2025-02-04_21h24.50.812"
"wpi61737e74876m2689",19,"RIGHT","wpi61737e74876m2689.session0",1.53101336533289,1.26312465461435,327.733333333333,308.866666666667,346.6,8,"2025-01-24_17h02.33.214"
"wpi617h37i859872534",21,"RIGHT","wpi617h37i859872534.session0",1.70232344145388,1.19396875213209,290.222222222222,252.571428571429,330.769230769231,7,"2025-01-25_22h21.09.083"
"wpi617h37i859872534",21,"RIGHT","wpi617h37i859872534.session0",1.70232344145388,1.19396875213209,290.222222222222,252.571428571429,330.769230769231,7,"2025-01-25_22h06.59.492"
"wpi617396q4267631u4",18,"RIGHT","wpi617396q4267631u4.session0",2.34925606891151,2.78910105127655,263,274.928571428571,251.071428571429,8,"2025-02-15_13h20.56.704"
"wpi61l736995524u302",20,"RIGHT","wpi61l736995524u302.session0",1.80318261731957,1.49253731343284,301.785714285714,309,295.533333333333,8,"2025-01-15_22h10.29.237"
"wpi61m73704443z1595",19,"RIGHT","wpi61m73704443z1595.session0",1.8838759540141,2.29565637648765,282.333333333333,308,256.666666666667,8,"2025-01-16_11h39.38.928"
"wpi61738hs860820486",18,"RIGHT","wpi61738hs860820486.session0",1.75115207373272,1.64904452420215,351.166666666667,315.666666666667,386.666666666667,9,"2025-02-06_12h14.16.004"
"wpi6kp1739744908873",19,"LEFT","wpi6kp1739744908873.session0",1.80096737676238,2.21306940431549,246.586206896552,252.428571428571,241.133333333333,7,"2025-02-16_17h45.47.699"
"wpi617f3888076p6356",19,"RIGHT","wpi617f3888076p6356.session0",1.80146889001801,1.9626535075422,288.233333333333,310.933333333333,265.533333333333,7,"2025-02-06_17h46.50.277"
"wpi617371297c74k795",34,"RIGHT","wpi617371297c74k795.session0",0.523510375023796,1.12608989414755,394.933333333333,388.866666666667,401,NA,"2025-01-17_11h25.30.474"
"wpi6173p89053d86846",19,"RIGHT","wpi6173p89053d86846.session0",1.75194285970981,1.88772975658222,398.275862068966,371.642857142857,423.133333333333,7,"2025-02-07_00h33.03.405"
"wpi6173l993m3129573",19,"RIGHT","wpi6173l993m3129573.session0",1.60792112723734,2.17759496733608,293.366666666667,284.533333333333,302.2,NA,"2025-02-18_21h58.15.615"
"wpi61qv740192824504",22,"RIGHT","wpi61qv740192824504.session0",2.00803212851406,1.79777464651863,300.033333333333,324.4,275.666666666667,6,"2025-02-21_22h11.38.263"
"wpi6p17372196220r04",22,"RIGHT","wpi6p17372196220r04.session0",1.95478923362237,1.13775861552741,309.241379310345,297.714285714286,320,5,"2025-01-18_12h19.18.121"
"wpi61r737154721n469",18,"RIGHT","wpi61r737154721n469.session0",1.93717277486911,1.99780885480441,250.9,236.454545454545,268.555555555556,8,"2025-01-17_18h15.20.896"
"wpi6mj1739394319224",21,"RIGHT","wpi6mj1739394319224.session0",1.65275597058094,2.25975261655566,348.206896551724,289.214285714286,403.266666666667,8,"2025-02-12_16h24.56.563"
"wpi6j1740370837d880",19,"RIGHT","wpi6j1740370837d880.session0",1.72776091524632,2.04646683519923,315.633333333333,300,331.266666666667,7,"2025-02-23_23h51.29.976"
"wpi61741l12551188a2",18,"RIGHT","wpi61741l12551188a2.session0",1.72299536116634,1.3591705176498,270.071428571429,284.384615384615,257.666666666667,7,"2025-03-04_17h16.24.626"
"wpi6174042qp8665997",18,"LEFT","wpi6174042qp8665997.session0",1.91505033145102,1.62415209706697,297.666666666667,286,303.5,7,"2025-02-24_15h44.30.727"
"wpi617411788rg24870",22,"RIGHT","wpi617411788rg24870.session0",1.76028993010613,1.84229918938836,286.821428571429,276.071428571429,297.571428571429,9,"2025-03-05_08h05.58.960"
"wpi61741191f85p4268",21,"RIGHT","wpi61741191f85p4268.session0",1.31120389220524,1.2941074971961,301.434782608696,322.222222222222,288.071428571429,NA,"2025-03-05_11h43.37.664"
"wpi61740524s9759r04",20,"LEFT","wpi61740524s9759r04.session0",0.602167804094741,0.670645831936154,806.535714285714,804.533333333333,808.846153846154,8,"2025-02-25_18h46.21.061"
"wpi617412160o5u7416",20,"RIGHT","wpi617412160o5u7416.session0",1.75107137919912,1.14814814814815,278.37037037037,256.6,305.583333333333,7,"2025-03-05_18h23.01.878"
"wpi61741q21v7504699",21,"RIGHT","wpi61741q21v7504699.session0",1.74621653084983,1.74544118322539,290.133333333333,279,301.266666666667,8,"2025-03-05_18h49.13.367"
"wpi6l174m1221155790",18,"RIGHT","wpi6l174m1221155790.session0",1.64281699883274,1.83356840620592,288.366666666667,277.8,298.933333333333,8,"2025-03-05_19h54.16.667"
"wpi61m7412r29608936",22,"RIGHT","wpi61m7412r29608936.session0",1.88510297374994,1.79055609556454,255.241379310345,259.5,251.266666666667,7,"2025-03-05_22h10.43.448"
"wpi6c1741232235t549",21,"RIGHT","wpi6c1741232235t549.session0",2.10208591602436,2.67090160975962,222.766666666667,219.933333333333,225.6,7,"2025-03-05_22h52.13.672"
"wpi617406022rb74018",19,"RIGHT","wpi617406022rb74018.session0",1.51143019081806,1.32306016032376,326.266666666667,343.533333333333,309,5,"2025-02-26_15h58.25.516"
"wpi6174w0i668552492",20,"RIGHT","wpi6174w0i668552492.session0",1.67177486765116,1.37884928759453,241.633333333333,239.933333333333,243.333333333333,6,"2025-02-27_10h18.08.283"
"wpi61740g669f912366",21,"LEFT","wpi61740g669f912366.session0",1.84824416804036,1.54843704635633,315.533333333333,294.4,336.666666666667,NA,"2025-02-27_10h37.52.759"
"wpi61f7406g77677691",20,"RIGHT","wpi61f7406g77677691.session0",1.2902736139046,0.872422717887574,351.133333333333,315.533333333333,386.733333333333,NA,"2025-02-27_12h52.34.780"
"wpi6174d07067656g47",21,"RIGHT","wpi6174d07067656g47.session0",1.77313461446303,1.83759622547802,305.533333333333,310,301.066666666667,8,"2025-02-27_20h59.23.399"
"wpi61e74071347v6471",19,"RIGHT","wpi61e74071347v6471.session0",1.99034681793302,1.86448162504293,294.933333333333,290.066666666667,299.8,8,"2025-02-27_22h46.55.869"
"wpi6174086804h9n285",21,"RIGHT","wpi6174086804h9n285.session0",1.83223590037217,1.87320728209331,304.571428571429,254.454545454545,359.7,7,"2025-03-01_17h43.39.629"
"wpi617z40o880451621",20,"RIGHT","wpi617z40o880451621.session0",1.67542111936243,1.01150587937792,322.8,312.266666666667,333.333333333333,7,"2025-03-01_21h19.41.021"
"wpi61h740973f335708",19,"RIGHT","wpi61h740973f335708.session0",2.17212633556417,2.26002887814678,280.08,278.5,281.133333333333,8,"2025-03-02_22h55.16.660"
"wpi617410292957qb07",18,"RIGHT","wpi617410292957qb07.session0",1.62262401483542,1.77471037712596,291.7,274.533333333333,308.866666666667,8,"2025-03-03_14h33.47.753"
"wpi617u398172e74462",21,"RIGHT","wpi617u398172e74462.session0",1.87029503904241,2.02796456398762,279.241379310345,271.357142857143,286.6,9,"2025-03-03_16h25.12.836"
"wpi61741038939h14e0",20,"RIGHT","wpi61741038939h14e0.session0",2.17439785905442,2.65216814746055,294.433333333333,276.666666666667,312.2,7,"2025-03-03_17h11.01.208"
"wpi6q1741050307u581",19,"RIGHT","wpi6q1741050307u581.session0",1.32684652808492,1.3123837993511,298.793103448276,346.357142857143,254.4,7,"2025-03-03_20h27.16.797"
"wpi61v7c41059919525",19,"RIGHT","wpi61v7c41059919525.session0",1.98649185538339,1.6986410871303,280.066666666667,274.333333333333,285.8,8,"2025-03-03_23h00.10.307"
"wpi617411a0613131e6",22,"RIGHT","wpi617411a0613131e6.session0",1.90886398120503,2.27630887760462,256.862068965517,258.933333333333,254.642857142857,8,"2025-03-04_11h51.47.848"
"wpi6174u1114139w854",21,"RIGHT","wpi6174u1114139w854.session0",1.89365625155728,1.84688710157879,294.5,294.4,294.6,8,"2025-03-04_14h16.24.307"
"wpi61741113l62g4959",19,"LEFT","wpi61741113l62g4959.session0",1.70909418008456,1.50903200035507,437.379310344828,420.133333333333,455.857142857143,6,"2025-03-04_14h06.24.686"
"wpi617422439lm02566",18,"RIGHT","wpi617422439lm02566.session0",2.04520425822015,1.96983340837461,283.833333333333,279.933333333333,287.733333333333,6,"2025-03-17_16h52.40.307"
"wpi61x742405b300238",21,"RIGHT","wpi61x742405b300238.session0",1.64312994049205,2.0521841102316,250.566666666667,223.466666666667,277.666666666667,7,"2025-03-19_13h46.01.221"
"wpi61742zp413500004",21,"RIGHT","wpi61742zp413500004.session0",1.61662817551963,1.40417457305503,326.592592592593,347.461538461538,307.214285714286,8,"2025-03-19_16h01.37.143"
"wpi6174p24145429l05",21,"LEFT","wpi6174p24145429l05.session0",1.6288918881184,2.04250973383545,275,277.866666666667,272.133333333333,6,"2025-03-19_16h16.37.777"
"wpi6g174242653912y4",21,"RIGHT","wpi6g174242653912y4.session0",1.5756716300323,1.53302388962228,333.3,324.466666666667,342.133333333333,7,"2025-03-19_19h39.19.853"
"wpi61f74252o4451050",18,"RIGHT","wpi61f74252o4451050.session0",1.71845911499356,1.66500166500167,271.862068965517,258.428571428571,284.4,8,"2025-03-20_22h51.11.760"
"wpi617427e760n70078",22,"RIGHT","wpi617427e760n70078.session0",1.37721590507804,0.92464170134073,286.066666666667,303.2,268.933333333333,6,"2025-03-23_21h06.07.275"
"wpi617y4318c3570291",20,"RIGHT","wpi617y4318c3570291.session0",1.74502155614863,2.27843664193492,287.233333333333,286.6,287.866666666667,8,"2025-03-28_13h54.17.326"
"wpi6174k32099421p95",21,"RIGHT","wpi6174k32099421p95.session0",1.38556493261116,2.09465579710145,300.655172413793,322.714285714286,280.066666666667,7,"2025-03-28_21h16.44.555"
"wpi61743350pn510653",20,"RIGHT","wpi61743350pn510653.session0",1.92592592592593,2.37407763875521,285.433333333333,274.266666666667,296.6,7,"2025-03-30_12h20.53.850"
"wpi61743463d53c8386",21,"RIGHT","wpi61743463d53c8386.session0",1.77661968494611,2.6581605528974,260.526315789474,245.454545454545,281.25,7,"2025-03-31_19h39.16.570"
"wpi6174u352s5874757",22,"RIGHT","wpi6174u352s5874757.session0",1.50590150590151,1.89093882557367,265.566666666667,267.866666666667,263.266666666667,8,"2025-04-01_13h03.02.331"
"wpi6174466v6711i514",20,"RIGHT","wpi6174466v6711i514.session0",1.27217944425845,1.23165710666151,364,334.666666666667,393.333333333333,7,"2025-04-14_17h58.41.517"
"wpi617d4c3710767579",22,"RIGHT","wpi617d4c3710767579.session0",1.71673819742489,1.90714908456844,276.133333333333,276.666666666667,275.6,6,"2025-04-03_16h22.55.129"
"wpi6l17455810913y40",21,"RIGHT","wpi6l17455810913y40.session0",1.31961832577654,1.55116565536749,321.1,318.933333333333,323.266666666667,8,"2025-04-25_07h55.51.094"
"wpi6j1745784410d658",22,"RIGHT","wpi6j1745784410d658.session0",1.91376787121468,2.55154816909179,243.266666666667,246.666666666667,239.866666666667,7,"2025-04-27_16h27.09.541"
"wpi6174u597718963b7",20,"RIGHT","wpi6174u597718963b7.session0",1.5976993129893,1.62663859917711,306.965517241379,303.642857142857,310.066666666667,7,"2025-04-29_22h09.26.986"
"wpi617y46d141458189",17,"LEFT","wpi617y46d141458189.session0",1.75940180338685,1.54647566335667,270,285.6,254.4,8,"2025-05-01_19h34.25.003"
"wpi6174629zj8408259",18,"LEFT","wpi6174629zj8408259.session0",1.69803311164568,1.61013310433663,280.51724137931,284.642857142857,276.666666666667,NA,"2025-05-03_15h12.09.887"
"wpi6n174639a7009255",19,"RIGHT","wpi6n174639a7009255.session0",1.95704794767472,1.84920066809831,291.379310344828,264.285714285714,316.666666666667,6,"2025-05-04_18h32.49.222"
"wpi61746k5740121o33",19,"RIGHT","wpi61746k5740121o33.session0",1.91919191919192,1.91906078907264,340.827586206897,319.071428571429,361.133333333333,6,"2025-05-06_19h42.38.864"
"wpi6t17m46413387483",19,"RIGHT","wpi6t17m46413387483.session0",1.71549817164011,2.0631554816895,270.166666666667,270.066666666667,270.266666666667,6,"2025-05-04_23h07.38.074"
"wpi617464p7929282a2",18,"LEFT","wpi617464p7929282a2.session0",1.90152121697358,1.87201339967486,255.821428571429,243.538461538462,266.466666666667,7,"2025-05-05_17h22.49.002"
"wpi61746j501724o822",19,"RIGHT","wpi61746j501724o822.session0",1.83132530120482,2.20289855072464,290.758620689655,268.933333333333,314.142857142857,6,"2025-05-05_23h39.29.204"
"wpi617s4648133m0525",18,"RIGHT","wpi617s4648133m0525.session0",1.5190278221938,1.0736595523165,232.076923076923,228.153846153846,236,NA,"2025-05-05_17h59.40.033"
"wpi61746552e98473o3",19,"RIGHT","wpi61746552e98473o3.session0",1.49723587223587,1.46423878355547,372.866666666667,348.933333333333,396.8,7,"2025-05-06_13h54.11.807"
"wpi6174k4125s614559",22,"LEFT","wpi6174k4125s614559.session0",1.30039011703511,1.24469175574755,308.8,281.066666666667,336.533333333333,7,"2025-04-08_11h36.36.665"
"wpi61q7443c20405493",19,"RIGHT","wpi61q7443c20405493.session0",2.03485338620474,1.96761861929391,232.666666666667,215,245.285714285714,6,"2025-04-10_17h41.52.291"
"wpi617444x7x9307749",18,"LEFT","wpi617444x7x9307749.session0",2.09692451071761,2.47290712051786,242.652173913043,271.6,220.384615384615,7,"2025-04-12_13h53.32.428"
"wpi6r17446q67212312",22,"RIGHT","wpi6r17446q67212312.session0",1.66658730536641,2.01397938632863,340.366666666667,324.333333333333,356.4,8,"2025-04-14_18h06.05.224"
"wpi6174493xg0886649",22,"RIGHT","wpi6174493xg0886649.session0",1.46246343841404,1.45922746781116,315.461538461538,309.642857142857,322.25,NA,"2025-04-17_19h27.28.097"
"wpi6v17454312111y06",22,"RIGHT","wpi6v17454312111y06.session0",1.39173747436273,1.17963169277148,351.1,339.933333333333,362.266666666667,9,"2025-04-23_14h23.39.629"
"wpi617w4543e2142467",19,"RIGHT","wpi617w4543e2142467.session0",2.10933380207418,2.57653834495302,231.217391304348,230.583333333333,231.909090909091,7,"2025-04-23_14h37.48.674"
"wpi6174sw5558164473",18,"RIGHT","wpi6174sw5558164473.session0",1.7405682955485,1.56428360038896,282.333333333333,280.066666666667,284.6,8,"2025-04-25_01h34.03.983"
"wpi6i17g45773868541",19,"RIGHT","wpi6i17g45773868541.session0",1.86558004811233,2.14477211796247,256.851851851852,253.333333333333,261.25,7,"2025-04-27_13h24.23.896"
"wpi61s74m5783106125",21,"RIGHT","wpi61s74m5783106125.session0",1.85106080022782,1.90506429591999,235.88,230.333333333333,241,6,"2025-04-27_16h02.22.471"
"wpi6r1745874r291842",21,"RIGHT","wpi6r1745874r291842.session0",1.32174470300797,1.15821172110262,332.785714285714,315.6,352.615384615385,7,"2025-04-28_17h23.15.711"
"wpi6174587y97937z96",20,"LEFT","wpi6174587y97937z96.session0",1.91919191919192,2.55168803978016,264.814814814815,257,271.066666666667,8,"2025-04-28_18h53.13.192"
"wpi617z4x5977989754",18,"RIGHT","wpi617z4x5977989754.session0",1.35491939966648,1.02678440461173,340.6,366.733333333333,314.466666666667,6,"2025-04-29_22h10.15.237"
"wpi6174h603234f8724",19,"RIGHT","wpi6174h603234f8724.session0",1.5273154493832,1.33646378905545,323.366666666667,331.133333333333,315.6,6,"2025-04-30_13h14.45.225"
"wpi6j174x6042488777",19,"RIGHT","wpi6j174x6042488777.session0",1.7729646844602,2.39974739501105,262.72,251.5,273.076923076923,8,"2025-04-30_16h04.50.676"
"wpi617460472ui18093",18,"RIGHT","wpi617460472ui18093.session0",1.30504617855709,1.69657087039227,295.033333333333,283.4,306.666666666667,6,"2025-04-30_17h41.51.680"
"wpi617460472ui18093",18,"RIGHT","wpi617460472ui18093.session0",1.30504617855709,1.69657087039227,295.033333333333,283.4,306.666666666667,6,"2025-04-30_17h23.27.347"
"wpi617460iz56592744",20,"RIGHT","wpi617460iz56592744.session0",1.86509170034193,2.07650273224044,295.448275862069,293.4,297.642857142857,7,"2025-04-30_20h01.33.191"
"wpi617q46y062910766",21,"RIGHT","wpi617q46y062910766.session0",1.80797411742316,1.4099572150914,298.857142857143,315.5,282.214285714286,7,"2025-04-30_21h47.48.897"
"wpi61746372932l8p20",18,"RIGHT","wpi61746372932l8p20.session0",1.10192837465565,0.729890264773986,540.133333333333,577.866666666667,502.4,8,"2025-05-04_12h02.50.064"
"wpi6w17461b34984811",21,"RIGHT","wpi6w17461b34984811.session0",1.57440108931535,1.46874595014903,401.857142857143,371.923076923077,427.8,8,"2025-05-01_17h47.34.005"
"wpi61w7462g13741808",19,"RIGHT","wpi61w7462g13741808.session0",1.71829741273504,2.16203231037175,296.633333333333,290,303.266666666667,8,"2025-05-02_15h40.07.415"
"wpi61w7462g13741808",19,"RIGHT","wpi61w7462g13741808.session0",1.71829741273504,2.16203231037175,296.633333333333,290,303.266666666667,8,"2025-05-02_15h56.10.347"
"wpi6a174r6234632268",19,"RIGHT","wpi6a174r6234632268.session0",1.53452685421995,1.42450142450142,348.615384615385,349.833333333333,347.571428571429,7,"2025-05-02_21h27.04.720"
"wpi61746o30516n7434",20,"RIGHT","wpi61746o30516n7434.session0",2.11791642816256,1.85468034038839,258.964285714286,265.5,252.428571428571,7,"2025-05-03_17h02.12.802"
"wpi617y46298255z571",19,"RIGHT","wpi617y46298255z571.session0",1.86846038863976,1.99589081303199,244.310344827586,241.642857142857,246.8,7,"2025-05-03_15h07.54.844"
"wpi617m4630v4861669",21,"RIGHT","wpi617m4630v4861669.session0",1.91326530612245,2.42238796455664,258.333333333333,236.272727272727,277,7,"2025-05-03_16h57.18.033"
"wpi6174rx6388216152",18,"RIGHT","wpi6174rx6388216152.session0",1.49019607843137,1.35092180546726,294.9,299.933333333333,289.866666666667,7,"2025-05-04_16h09.42.945"
"wpi6p174y6391119900",20,"LEFT","wpi6p174y6391119900.session0",1.58933380424705,1.93215972520395,347.75,357.142857142857,338.357142857143,6,"2025-05-04_16h53.46.223"
"wpi6174l640257f2344",17,"RIGHT","wpi6174l640257f2344.session0",2.15243666869033,2.56339199113205,272.413793103448,251.133333333333,295.214285714286,7,"2025-05-04_20h05.36.841"
"wpi61w7f46406191343",19,"RIGHT","wpi61w7f46406191343.session0",2.06035632044601,2.35032969902722,305.32,238.3,350,8,"2025-05-04_21h06.35.004"
"wpi61o74642159c6210",19,"RIGHT","wpi61o74642159c6210.session0",2.12739331748217,2.22701149425287,229.736842105263,231.6,227.666666666667,9,"2025-05-05_01h21.53.905"
"wpi617aa46449773482",19,"RIGHT","wpi617aa46449773482.session0",0.850515463917526,1.18893946599633,386.566666666667,338.8,434.333333333333,5,"2025-05-05_09h13.15.823"
"wpi6174o64579885r14",19,"RIGHT","wpi6174o64579885r14.session0",2.2913651712494,1.898768512993,252.285714285714,257.666666666667,246.076923076923,9,"2025-05-05_11h32.21.483"
"wpi617u4e6477394553",22,"RIGHT","wpi617u4e6477394553.session0",1.80731964456047,1.67334313675777,282.206896551724,275.666666666667,289.214285714286,NA,"2025-05-05_16h52.17.400"
"wpi61746ua479590394",22,"RIGHT","wpi61746ua479590394.session0",1.82053370382791,1.38968364260607,331.033333333333,298.785714285714,359.25,6,"2025-05-05_17h27.54.405"
"wpi61746480st390846",18,"RIGHT","wpi61746480st390846.session0",1.80525164113786,2.58145538268332,255.433333333333,256.6,254.266666666667,7,"2025-05-05_17h45.17.906"
"wpi6174k6489827s320",20,"RIGHT","wpi6174k6489827s320.session0",1.76600441501104,2.16671682214866,1380,1394.9,1350.2,6,"2025-05-05_21h15.53.027"
"wpi6174k6489827s320",20,"RIGHT","wpi6174k6489827s320.session0",1.76600441501104,2.16671682214866,1380,1394.9,1350.2,6,"2025-05-05_20h22.23.669"
"wpi6174k6489827s320",20,"RIGHT","wpi6174k6489827s320.session1",1.98572425266999,2.2884710539337,414.533333333333,408.933333333333,420.133333333333,8,"2025-05-05_21h15.53.027"
"wpi6174k6489827s320",20,"RIGHT","wpi6174k6489827s320.session1",1.98572425266999,2.2884710539337,414.533333333333,408.933333333333,420.133333333333,8,"2025-05-05_20h22.23.669"
"wpi6174q648202320p8",22,"RIGHT","wpi6174q648202320p8.session0",0.915287713466773,1.30429627287459,354,347.733333333333,360.714285714286,6,"2025-05-05_18h11.54.035"
"wpi6174648243is1845",19,"RIGHT","wpi6174648243is1845.session0",1.67824343853433,1.81024385049516,266.178571428571,274.461538461538,259,6,"2025-05-05_18h16.16.943"
"wpi6174649405r19a06",21,"RIGHT","wpi6174649405r19a06.session0",1.58029281896351,1.68994482827178,291.379310344828,282.142857142857,300,7,"2025-05-05_21h34.27.406"
"wpi61746f54025l1442",18,"RIGHT","wpi61746f54025l1442.session0",1.86611799607637,1.65289256198347,287.379310344828,276.142857142857,297.866666666667,8,"2025-05-06_10h20.51.199"
"wpi617465z46406r196",21,"RIGHT","wpi617465z46406r196.session0",1.20765270450645,1.84547857748516,275.344827586207,258.933333333333,292.928571428571,6,"2025-05-06_12h13.25.099"
"wpi6174b6550g984996",19,"RIGHT","wpi6174b6550g984996.session0",1.57434643907694,1.99256825892617,290.5,268.866666666667,312.133333333333,6,"2025-05-06_13h21.59.053"
"wpi6174k655x7734948",20,"RIGHT","wpi6174k655x7734948.session0",1.67832167832168,1.62910670648928,256.344827586207,258.214285714286,254.6,6,"2025-05-06_15h14.25.703"
"wpi61746562sj805611",20,"LEFT","wpi61746562sj805611.session0",1.70909418008456,2.37790378635449,282.714285714286,279.384615384615,285.6,7,"2025-05-06_16h41.56.053"
"wpi61746ku565217909",18,"RIGHT","wpi61746ku565217909.session0",2.1234890558641,2.37896990603069,266.533333333333,274.4,258.666666666667,9,"2025-05-06_17h17.11.826"
"wpi6174u6a585618818",20,"RIGHT","wpi6174u6a585618818.session0",2.52427184466019,2.40572171651495,281.1,280.066666666667,282.133333333333,8,"2025-05-06_23h30.11.642"
"wpi61v733i955008467",19,"RIGHT","wpi61v733i955008467.session0",1.96918799953666,1.91265540325151,NA,NA,NA,7,"2024-12-11_17h25.30.065"
"wpi617299937o1947y5",20,"LEFT","wpi617299937o1947y5.session1",NA,NA,334.566666666667,362.4,306.733333333333,NA,"2024-10-26_22h10.05.672"
